name,Manufacturer,Model,Part #,Fan RPM,Noise Level,Color,Height,CPU Socket,Water Cooled,Fanless
Thermalright Peerless Assassin 120 SE         (115),Thermalright,Peerless Assassin 120 SE,"PA120 SE-D3, PA120 SE, PA120 SE D6-CAD, PA120 SE 1700, PA120 SE 1700-d6, 419043",1550 RPM,25.6 dB,Black / Silver,155 mm,"AM4, AM5, LGA1150, LGA1151, LGA1155, LGA1156, LGA1200, LGA1700, LGA1851",No,No
Cooler Master Hyper 212 Black Edition         (194),Cooler Master,Hyper 212 Black Edition,RR-212S-20PK-R1,650 - 2000 RPM,6.5 - 26 dB,Black,159 mm,"AM2, AM2+, AM3, AM3+, AM4, AM5, FM1, FM2, FM2+, LGA1150, LGA1151, LGA1155, LGA1156, LGA1200, LGA1366, LGA1700, LGA1851, LGA2011, LGA2011-3, LGA2066",No,No
Thermalright Phantom Spirit 120 SE ARGB         (61),Thermalright,Phantom Spirit 120 SE ARGB,"PS120SE ARGB, PS120 SE ARGB D6-CAD, Phantom Spirit 120 SE ARGB",1500 RPM,25.6 dB,Black / Silver,154 mm,"AM4, AM5, LGA1150, LGA1151, LGA1155, LGA1156, LGA1200, LGA1700, LGA1851",No,No
ARCTIC Liquid Freezer III 360 A-RGB         (38),ARCTIC,Liquid Freezer III 360 A-RGB,ACFRE00144A,200 - 2000 RPM,,Black,,"AM4, AM5, LGA1700, LGA1851",Yes - 360 mm,No
ARCTIC Liquid Freezer III 360         (37),ARCTIC,Liquid Freezer III 360,ACFRE00136A,200 - 1800 RPM,,Black,,"AM4, AM5, LGA1700, LGA1851",Yes - 360 mm,No
Thermalright Aqua Elite V3         (17),Thermalright,,"Aqua Elite 360 Black V3, AQUA ELITE 360 V3, Aqua Elite 360 Black Argb V3",1500 RPM,25.6 dB,Black,,"AM4, AM5, LGA1150, LGA1151, LGA1155, LGA1156, LGA1200, LGA1700, LGA1851, LGA2011, LGA2011-3, LGA2066",Yes - 360 mm,No
Noctua NH-D15 chromax.black         (237),Noctua,NH-D15 chromax.black,"NH-D15 CHROMAX.BLACK, NH-D15 CH.BK, NH-D15-CH-BK",300 - 1500 RPM,19.2 - 24.6 dB,Black,165 mm,"AM2, AM2+, AM3, AM3+, AM4, AM5, FM1, FM2, FM2+, LGA1150, LGA1151, LGA1155, LGA1156, LGA1200, LGA1700, LGA1851, LGA2011, LGA2011-3, LGA2066",No,No
Thermalright Phantom Spirit 120 SE         (67),Thermalright,Phantom Spirit 120 SE,"PS120SE, PS120 SE D6-CAD, PHANTOM-SPIRIT-120-SE",1500 RPM,25.6 dB,Black / Silver,154 mm,"AM4, AM5, LGA1150, LGA1151, LGA1155, LGA1156, LGA1200, LGA1700, LGA1851",No,No
Thermalright Assassin X 120 Refined SE         (45),Thermalright,Assassin X 120 Refined SE,"AX120 SE-D3, AX120 Refined SE",1550 RPM,25.6 dB,Black / Silver,148 mm,"AM4, AM5, LGA1150, LGA1151, LGA1155, LGA1156, LGA1200, LGA1700, LGA1851",No,No
Cooler Master MasterLiquid 360L Core ARGB         (17),Cooler Master,MasterLiquid 360L Core ARGB,MLW-D36M-A18PZ-R1,350 - 1750 RPM,27.2 dB,Black,47 mm,"AM2, AM2+, AM3, AM3+, AM4, AM5, FM1, FM2, FM2+, LGA1150, LGA1151, LGA1155, LGA1156, LGA1200, LGA1700, LGA1851",Yes - 360 mm,No
NZXT Kraken 360         (12),NZXT,Kraken 360,RL-KN360-B1,500 - 1800 RPM,17.9 - 30.6 dB,Black,56 mm,"AM4, AM5, sTR4, sTRX4, LGA1150, LGA1151, LGA1155, LGA1156, LGA1200, LGA1700, LGA1851",Yes - 360 mm,No
ARCTIC Liquid Freezer III Pro 360         (1),ARCTIC,Liquid Freezer III Pro 360,ACFRE00180A,600 - 3000 RPM,,Black,68 mm,"AM4, AM5, LGA1700, LGA1851",Yes - 360 mm,No
ARCTIC Liquid Freezer III 360 A-RGB         (23),ARCTIC,Liquid Freezer III 360 A-RGB,ACFRE00152A,200 - 2000 RPM,,White,,"AM4, AM5, LGA1700, LGA1851",Yes - 360 mm,No
Thermalright Phantom Spirit EVO         (30),Thermalright,,"Phantom Spirit 120 EVO, PS120 EVO",2150 RPM,27 dB,Black,157 mm,"AM4, AM5, LGA1150, LGA1151, LGA1155, LGA1156, LGA1200, LGA1700, LGA1851, LGA2011, LGA2011-3, LGA2066",No,No
ARCTIC Liquid Freezer III 240         (25),ARCTIC,Liquid Freezer III 240,ACFRE00134A,200 - 1800 RPM,,Black,,"AM4, AM5, LGA1700, LGA1851",Yes - 240 mm,No
Corsair NAUTILUS 360 RS ARGB         (2),Corsair,NAUTILUS 360 RS ARGB,CW-9060093-WW,2100 RPM,34 dB,Black,,"AM4, AM5, LGA1700, LGA1851",Yes - 360 mm,No
NZXT Kraken Elite 360 RGB         (20),NZXT,Kraken Elite 360 RGB,RL-KR36E-B1,500 - 1800 RPM,17.9 - 30.6 dB,Black,60 mm,"AM4, AM5, sTR4, sTRX4, LGA1150, LGA1151, LGA1155, LGA1156, LGA1200, LGA1700, LGA1851",Yes - 360 mm,No
NZXT Kraken Elite 360 RGB         (40),NZXT,Kraken Elite 360 RGB,RL-KR36E-W1,500 - 1800 RPM,17.9 - 30.6 dB,White,60 mm,"AM4, AM5, sTR4, sTRX4, LGA1150, LGA1151, LGA1155, LGA1156, LGA1200, LGA1700, LGA1851",Yes - 360 mm,No
AMD Wraith Prism         (17),AMD,,199-999888,2800 RPM,42 dB,,93 mm,"AM4, AM5",No,No
Asus ROG STRIX LC 360 RGB GUNDAM         (0),Asus,ROG STRIX LC 360 RGB GUNDAM,"90RC0073-M0AAY0, ROG STRIX LC 360 RGB GUNDAM EDITION, 90RC0073-M0UAY0",800 - 2500 RPM,37.6 dB,White,,"AM4, AM5, sTR4, sTRX4, LGA1150, LGA1151, LGA1155, LGA1156, LGA1200, LGA1366, LGA1700, LGA1851, LGA2011, LGA2011-3, LGA2066",Yes - 360 mm,No
NZXT Kraken 240         (21),NZXT,Kraken 240,RL-KN240-B1,500 - 1800 RPM,17.9 - 30.6 dB,Black,56 mm,"AM4, AM5, sTR4, sTRX4, LGA1150, LGA1151, LGA1155, LGA1156, LGA1200, LGA1700, LGA1851",Yes - 240 mm,No
Thermalright Peerless Assassin 120 SE ARGB         (56),Thermalright,Peerless Assassin 120 SE ARGB,"PA 120 SE ARGB, PA120 SE ARGB 1700, PA120 SE ARGB D6-CAD, 419041",1550 RPM,25.6 dB,Black,155 mm,"AM4, AM5, LGA1150, LGA1151, LGA1155, LGA1156, LGA1200, LGA1700, LGA1851",No,No
be quiet! Dark Rock Pro 5         (12),be quiet!,,BK036,1300 - 2000 RPM,8.9 - 23.3 dB,Black,168 mm,"AM4, AM5, LGA1150, LGA1151, LGA1155, LGA1156, LGA1200, LGA1700, LGA1851",No,No
ID-COOLING SE-214-XT ARGB         (52),ID-COOLING,,SE-214-XT ARGB,500 - 1500 RPM,13.8 - 30.5 dB,Black,150 mm,"AM4, AM5, LGA1150, LGA1151, LGA1155, LGA1156, LGA1200, LGA1700, LGA1851",No,No
Noctua NH-D15         (184),Noctua,,NH-D15,300 - 1500 RPM,19.2 - 24.6 dB,,165 mm,"AM2, AM2+, AM3, AM3+, AM4, AM5, FM1, FM2, FM2+, LGA1150, LGA1151, LGA1155, LGA1156, LGA1200, LGA1700, LGA1851, LGA2011, LGA2011-3, LGA2066",No,No
Thermalright Aqua Elite V3         (11),Thermalright,,"Aqua Elite 240 Black V3, AQUA ELITE 240 V3, AQUA ELITE 240 BLACK ARGB V3",1500 RPM,25.6 dB,Black,,"AM4, AM5, LGA1150, LGA1151, LGA1155, LGA1156, LGA1200, LGA1700, LGA1851, LGA2011, LGA2011-3, LGA2066",Yes - 240 mm,No
ARCTIC Freezer 36         (12),ARCTIC,Freezer 36,ACFRE00123A,200 - 1800 RPM,,Black,159 mm,"AM4, AM5, LGA1700, LGA1851",No,No
Thermalright Frozen Notte ARGB         (21),Thermalright,,"Frozen Notte 360 WHITE ARGB-D1, Frozen Notte 360 WHITE ARGB",2000 RPM,27.7 dB,White,,"AM2, AM2+, AM3, AM3+, AM4, AM5, FM1, FM2, FM2+, LGA1150, LGA1151, LGA1155, LGA1156, LGA1200, LGA1700, LGA1851, LGA2011, LGA2011-3, LGA2066",Yes - 360 mm,No
Corsair iCUE H150i ELITE LCD XT         (19),Corsair,iCUE H150i ELITE LCD XT,CW-9060075-WW,550 - 2100 RPM,5 - 34.1 dB,Black,,"AM2, AM2+, AM3, AM3+, AM4, AM5, sTR4, sTRX4, FM1, FM2, FM2+, LGA1150, LGA1151, LGA1155, LGA1156, LGA1200, LGA1366, LGA1700, LGA1851, LGA2011, LGA2011-3, LGA2066",Yes - 360 mm,No
ARCTIC Liquid Freezer III Pro A-RGB 360         (1),ARCTIC,Liquid Freezer III Pro A-RGB 360,ACFRE00184A,600 - 3000 RPM,,Black,68 mm,"AM4, AM5, LGA1700, LGA1851",Yes - 360 mm,No
NZXT Kraken 360 RGB         (9),NZXT,Kraken 360 RGB,RL-KR360-W1,500 - 1800 RPM,17.9 - 30.6 dB,White,56 mm,"AM4, AM5, sTR4, sTRX4, LGA1150, LGA1151, LGA1155, LGA1156, LGA1200, LGA1700, LGA1851",Yes - 360 mm,No
Corsair iCUE H150i ELITE CAPELLIX XT         (19),Corsair,iCUE H150i ELITE CAPELLIX XT,CW-9060070-WW,550 - 2100 RPM,5 - 34.1 dB,Black,,"AM4, AM5, sTR4, sTRX4, LGA1150, LGA1151, LGA1155, LGA1156, LGA1200, LGA1700, LGA1851, LGA2011, LGA2011-3, LGA2066",Yes - 360 mm,No
Noctua NH-L9x65 chromax.black         (3),Noctua,,"NH-L9x65 chromax.black, NH-L9x65 ch.bk, NH-L9x65chromaxblack, NH-L9X65-CH-BK, NOCTUA NH-L9X65 CHROMAX.BLACK",600 - 2500 RPM,14.8 - 23.6 dB,Black,65 mm,"AM2, AM2+, AM3, AM3+, AM4, AM5, FM1, FM2, FM2+, LGA1150, LGA1151, LGA1155, LGA1156, LGA1200, LGA1700, LGA1851",No,No
Thermalright Assassin King SE ARGB         (29),Thermalright,,"AK120 SE WHITE ARGB-D6-2, TL-AK120 SE White, TL-AK120 SE WHITE ARGB",1550 RPM,25.6 dB,White,148 mm,"AM4, AM5, LGA1150, LGA1151, LGA1155, LGA1156, LGA1200, LGA1700, LGA1851",No,No
Corsair NAUTILUS 360 RS ARGB         (3),Corsair,NAUTILUS 360 RS ARGB,CW-9060095-WW,2100 RPM,34 dB,White,,"AM4, AM5, LGA1700, LGA1851",Yes - 360 mm,No
Thermalright Peerless Assassin 120 SE WHITE ARGB         (40),Thermalright,Peerless Assassin 120 SE WHITE ARGB,"PA120 SE White ARGB, PA120 SE White ARGB-D3, PA120 SE ARGB White-D1, PA120 SE WHITE ARGB D6-CAD",1550 RPM,25.6 dB,White,155 mm,"AM4, AM5, LGA1150, LGA1151, LGA1155, LGA1156, LGA1200, LGA1700, LGA1851",No,No
Lian Li Galahad II Trinity SL-INF         (20),Lian Li,,"GA2T36INB, G89.GA2T36INB.00",2100 RPM,29 dB,Black,69 mm,"AM4, AM5, LGA1150, LGA1151, LGA1155, LGA1156, LGA1200, LGA1700, LGA1851",Yes - 360 mm,No
Cooler Master MasterLiquid 240L Core ARGB         (7),Cooler Master,MasterLiquid 240L Core ARGB,MLW-D24M-A18PZ-R1,350 - 1750 RPM,27.2 dB,Black,47 mm,"AM2, AM2+, AM3, AM3+, AM4, AM5, FM1, FM2, FM2+, LGA1150, LGA1151, LGA1155, LGA1156, LGA1200, LGA1700, LGA1851",Yes - 240 mm,No
Thermalright Frozen Notte ARGB         (20),Thermalright,,"Frozen Notte 360 BLACK ARGB-D1, Frozen Notte 360 BLACK ARGB D6, Frozen Notte 360 BLACK ARGB",2000 RPM,27.7 dB,Black,,"AM2, AM2+, AM3, AM3+, AM4, AM5, FM1, FM2, FM2+, LGA1150, LGA1151, LGA1155, LGA1156, LGA1200, LGA1700, LGA1851, LGA2011, LGA2011-3, LGA2066",Yes - 360 mm,No
Corsair iCUE LINK TITAN 360 RX LCD         (7),Corsair,iCUE LINK TITAN 360 RX LCD,CW-9061023-WW,300 - 2100 RPM,10 - 36 dB,Black,,"AM4, AM5, LGA1700, LGA1851",Yes - 360 mm,No
Asus ROG Ryujin III 360 ARGB Extreme         (0),Asus,ROG Ryujin III 360 ARGB Extreme,"90RC0131-M0EAY0, ROG Ryujin III 360 ARGB Extreme, 90RC0131-M0AAY0",1 - 2800 RPM,36 dB,Black,108 mm,"AM4, AM5, LGA1150, LGA1151, LGA1155, LGA1156, LGA1200, LGA1700, LGA1851",Yes - 360 mm,No
Cooler Master Hyper 212 (2023)         (6),Cooler Master,,RR-S4KK-25SN-R1,690 - 2500 RPM,32.8 dB,Black,152 mm,"AM4, AM5, LGA1150, LGA1151, LGA1155, LGA1156, LGA1200, LGA1700, LGA1851",No,No
Corsair iCUE H100i ELITE CAPELLIX XT         (7),Corsair,iCUE H100i ELITE CAPELLIX XT,CW-9060072-WW,550 - 2100 RPM,5 - 34.1 dB,White,,"AM2, AM2+, AM3, AM3+, AM4, AM5, sTR4, sTRX4, FM1, FM2, FM2+, LGA1150, LGA1151, LGA1155, LGA1156, LGA1200, LGA1366, LGA1700, LGA1851, LGA2011, LGA2011-3, LGA2066",Yes - 240 mm,No
NZXT Kraken 360 RGB         (12),NZXT,Kraken 360 RGB,RL-KR360-B1,500 - 1800 RPM,17.9 - 30.6 dB,Black,56 mm,"AM4, AM5, sTR4, sTRX4, LGA1150, LGA1151, LGA1155, LGA1156, LGA1200, LGA1700, LGA1851",Yes - 360 mm,No
Corsair NAUTILUS 240 RS ARGB         (2),Corsair,NAUTILUS 240 RS ARGB,CW-9060092-WW,2100 RPM,34 dB,Black,,"AM4, AM5, LGA1700, LGA1851",Yes - 240 mm,No
Noctua NH-L9A-AM5 CHROMAX.BLACK         (1),Noctua,,NH-L9A-AM5 CHROMAX.BLACK,600 - 2500 RPM,14.8 - 23.6 dB,Black,37 mm,"AM2, AM2+, AM3, AM3+, AM4, AM5, FM1, FM2, FM2+",No,No
ID-COOLING SE-903-XT         (1),ID-COOLING,,SE-903-XT BLACK,500 - 2200 RPM,25.8 dB,Black,123 mm,"AM4, AM5, LGA1150, LGA1151, LGA1155, LGA1156, LGA1200, LGA1700, LGA1851",No,No
ARCTIC Liquid Freezer III 280         (7),ARCTIC,Liquid Freezer III 280,ACFRE00135A,200 - 1700 RPM,,Black,,"AM4, AM5, LGA1700, LGA1851",Yes - 280 mm,No
Corsair iCUE LINK TITAN 360 RX RGB         (6),Corsair,iCUE LINK TITAN 360 RX RGB,CW-9061018-WW,300 - 2100 RPM,,Black,,"AM4, AM5, LGA1700, LGA1851",Yes - 360 mm,No
ARCTIC Liquid Freezer III 240 A-RGB         (12),ARCTIC,Liquid Freezer III 240 A-RGB,ACFRE00142A,200 - 2000 RPM,,Black,,"AM4, AM5, LGA1700, LGA1851",Yes - 240 mm,No
Noctua NH-U12S chromax.black         (126),Noctua,,"NH-U12S chromax.black, NH-U12S CH.BK, NH-U12S-CH-BK",300 - 1500 RPM,18.6 - 22.4 dB,Black,158 mm,"AM2, AM2+, AM3, AM3+, AM4, AM5, FM1, FM2, FM2+, LGA1150, LGA1151, LGA1155, LGA1156, LGA1200, LGA1700, LGA1851, LGA2011, LGA2011-3, LGA2066",No,No
ARCTIC Liquid Freezer III Pro A-RGB 360         (2),ARCTIC,Liquid Freezer III Pro A-RGB 360,ACFRE00188A,600 - 3000 RPM,,White,68 mm,"AM4, AM5, LGA1700, LGA1851",Yes - 360 mm,No
ID-COOLING FROZN A620 PRO SE         (4),ID-COOLING,,FROZN A620 PRO SE,300 - 2000 RPM,27.2 dB,Black,157 mm,"AM4, AM5, LGA1150, LGA1151, LGA1155, LGA1156, LGA1200, LGA1700, LGA1851",No,No
Lian Li Galahad II Trinity SL-INF         (18),Lian Li,,"GA2T36INW, G89.GA2T36INW.00",2100 RPM,29 dB,White,69 mm,"AM4, AM5, LGA1150, LGA1151, LGA1155, LGA1156, LGA1200, LGA1700, LGA1851",Yes - 360 mm,No
NZXT Kraken Elite 360 RGB (2024)         (8),NZXT,Kraken Elite 360 RGB (2024),RL-KR36E-W2,500 - 2400 RPM,30 dB,White,,"AM4, AM5, LGA1150, LGA1151, LGA1155, LGA1156, LGA1200, LGA1700, LGA1851",Yes - 360 mm,No
Deepcool AK620 ZERO DARK         (39),Deepcool,AK620 ZERO DARK,"R-AK620-BKNNMT-G-1, AK620 ZERO DARK",500 - 1850 RPM,28 dB,Black,160 mm,"AM4, AM5, LGA1150, LGA1151, LGA1155, LGA1156, LGA1200, LGA1700, LGA1851, LGA2011, LGA2011-3, LGA2066",No,No
Noctua NH-L9A-AM5         (2),Noctua,,NH-L9A-AM5,600 - 2500 RPM,14.8 - 23.6 dB,Brown / Silver,37 mm,"AM2, AM2+, AM3, AM3+, AM4, AM5, FM1, FM2, FM2+",No,No
Thermalright Assassin Spirit 120 EVO         (14),Thermalright,Assassin Spirit 120 EVO,"AS120 EVO, Assassin Spirit 120 EVO",2000 RPM,28.2 dB,Black,156 mm,"AM4, AM5, LGA1150, LGA1151, LGA1155, LGA1156, LGA1200, LGA1700, LGA1851",No,No
Thermalright AQUA ELITE ARGB V4         (4),Thermalright,,AQUA ELITE 360 ARGB V4,1550 RPM,25.6 dB,Black,48 mm,"AM2, AM2+, AM3, AM3+, AM4, AM5, FM1, FM2, FM2+, LGA1150, LGA1151, LGA1155, LGA1156, LGA1200, LGA1700, LGA1851, LGA2011, LGA2011-3, LGA2066",Yes - 360 mm,No
Cooler Master Hyper 212 Spectrum V3         (9),Cooler Master,Hyper 212 Spectrum V3,RR-S4NA-17PA-R1,650 - 1750 RPM,27.2 dB,Black / Silver,152 mm,"AM4, AM5, LGA1150, LGA1151, LGA1155, LGA1156, LGA1200, LGA1700, LGA1851",No,No
TRYX PANORAMA SE ARGB         (0),TRYX,,L-P360L-AM3M-G0K,500 - 1850 RPM,,Black,125 mm,"AM4, AM5, LGA1150, LGA1151, LGA1155, LGA1156, LGA1200, LGA1700, LGA1851",Yes - 360 mm,No
Noctua NH-U12A chromax.black         (57),Noctua,,"NH-U12A chromax.black, NH-U12A ch.bk",450 - 2000 RPM,18.8 - 22.6 dB,Black,158 mm,"AM2, AM2+, AM3, AM3+, AM4, AM5, FM1, FM2, FM2+, LGA1150, LGA1151, LGA1155, LGA1156, LGA1200, LGA1700, LGA1851, LGA2011, LGA2011-3, LGA2066",No,No
Thermalright Aqua Elite V3         (11),Thermalright,,Aqua Elite 360 White V3,1500 RPM,25.6 dB,White,,"AM4, AM5, LGA1150, LGA1151, LGA1155, LGA1156, LGA1200, LGA1700, LGA1851, LGA2011, LGA2011-3, LGA2066",Yes - 360 mm,No
Thermalright Assassin X SE         (3),Thermalright,,"AX90SE V2, AX90SE V2 D6, Assassin-X-90-SE-V2",2200 RPM,23.85 dB,Black / Silver,118 mm,"AM4, AM5, LGA1150, LGA1151, LGA1155, LGA1156, LGA1200, LGA1700, LGA1851",No,No
NZXT Kraken 240 RGB         (8),NZXT,Kraken 240 RGB,RL-KR240-W1,500 - 1800 RPM,17.9 - 30.6 dB,White,56 mm,"AM4, AM5, sTR4, sTRX4, LGA1150, LGA1151, LGA1155, LGA1156, LGA1200, LGA1700, LGA1851",Yes - 240 mm,No
Thermalright Peerless Assassin 120 Black         (22),Thermalright,Peerless Assassin 120 Black,"PA120 Black, PA120 BLACK, PA120 Black D6-CAD, PA120 BLACK-D6, PA120 BLACK-D2",1550 RPM,25.6 dB,Black,157 mm,"AM4, AM5, LGA1150, LGA1151, LGA1155, LGA1156, LGA1200, LGA1700, LGA1851, LGA2011, LGA2011-3, LGA2066",No,No
be quiet! Pure Rock 2 Black         (47),be quiet!,Pure Rock 2 Black,BK007,1500 RPM,19.1 - 26.8 dB,Black,155 mm,"AM2, AM2+, AM3, AM3+, AM4, AM5, FM1, FM2, FM2+, LGA1150, LGA1151, LGA1155, LGA1156, LGA1200, LGA1700, LGA1851, LGA2011, LGA2011-3, LGA2066",No,No
ID-COOLING SE-214-XT ARGB         (21),ID-COOLING,SE-214-XT ARGB,SE-214-XT ARGB WHITE,500 - 1500 RPM,13.8 - 30.5 dB,White,150 mm,"AM4, AM5, LGA1150, LGA1151, LGA1155, LGA1156, LGA1200, LGA1700, LGA1851",No,No
NZXT Kraken Elite 360 (2024)         (8),NZXT,Kraken Elite 360 (2024),RL-KN36E-B2,500 - 2000 RPM,30 dB,Black,,"AM4, AM5, LGA1150, LGA1151, LGA1155, LGA1156, LGA1200, LGA1700, LGA1851",Yes - 360 mm,No
Corsair iCUE LINK TITAN 360 RX LCD         (1),Corsair,iCUE LINK TITAN 360 RX LCD,CW-9061026-WW,300 - 2100 RPM,10 - 36 dB,White,,"AM4, AM5, LGA1700, LGA1851",Yes - 360 mm,No
Deepcool AK400         (34),Deepcool,AK400,R-AK400-BKNNMN-G-1,500 - 1850 RPM,29 dB,Black / Silver,155 mm,"AM4, AM5, LGA1150, LGA1151, LGA1155, LGA1156, LGA1200, LGA1700, LGA1851",No,No
Noctua NH-D9L         (33),Noctua,,NH-D9L,400 - 2000 RPM,16.3 - 22.8 dB,,110 mm,"AM2, AM2+, AM3, AM3+, AM4, AM5, FM1, FM2, FM2+, LGA1150, LGA1151, LGA1155, LGA1156, LGA1200, LGA1700, LGA1851, LGA2011, LGA2011-3, LGA2066",No,No
Noctua NH-D15 G2         (4),Noctua,,NH-D15 G2,1500 RPM,24.8 dB,Brown / Silver,168 mm,"AM2, AM2+, AM3, AM3+, AM4, AM5, FM1, FM2, FM2+, LGA1150, LGA1151, LGA1155, LGA1156, LGA1200, LGA1700, LGA1851",No,No
TRYX PANORAMA SE ARGB         (2),TRYX,,L-P360L-AM3M-G0W,500 - 1850 RPM,,White,125 mm,"AM4, AM5, LGA1150, LGA1151, LGA1155, LGA1156, LGA1200, LGA1700, LGA1851",Yes - 360 mm,No
ARCTIC Liquid Freezer III 420         (10),ARCTIC,Liquid Freezer III 420,ACFRE00137A,200 - 1700 RPM,,Black,,"AM4, AM5, LGA1700, LGA1851",Yes - 420 mm,No
Noctua NH-L12S         (50),Noctua,,NH-L12S,450 - 1850 RPM,16.8 - 23.9 dB,,70 mm,"AM2, AM2+, AM3, AM3+, AM4, AM5, FM1, FM2, FM2+, LGA1150, LGA1151, LGA1155, LGA1156, LGA1200, LGA1700, LGA1851, LGA2011, LGA2011-3, LGA2066",No,No
Corsair NAUTILUS 360 RS         (0),Corsair,NAUTILUS 360 RS,CW-9060089-WW,2100 RPM,34 dB,Black,,"AM4, AM5, LGA1700, LGA1851",Yes - 360 mm,No
ID-COOLING FROZN A410 BLACK         (2),ID-COOLING,,FROZN A410 BLACK,500 - 2000 RPM,29.85 dB,Black,152 mm,"AM4, AM5, LGA1150, LGA1151, LGA1155, LGA1156, LGA1200, LGA1700, LGA1851",No,No
Thermalright Assassin X Refined SE ARGB         (3),Thermalright,,"AX120R SE ARGB D6-CAD, Assassin X 120 Refined SE ARGB",1550 RPM,25.6 dB,Black / Silver,148 mm,"AM4, AM5, LGA1150, LGA1151, LGA1155, LGA1156, LGA1200, LGA1700, LGA1851",No,No
Intel E97379-001         (36),Intel,,E97379-001,1200 - 2800 RPM,22 dB,Silver / Black,51 mm,"LGA1150, LGA1151, LGA1155, LGA1156, LGA1200",No,No
Cooler Master Hyper 212 RGB Black Edition         (239),Cooler Master,Hyper 212 RGB Black Edition,RR-212S-20PC-R1,650 - 2000 RPM,8 - 30 dB,Black,159 mm,"AM2, AM2+, AM3, AM3+, AM4, AM5, FM1, FM2, FM2+, LGA1150, LGA1151, LGA1155, LGA1156, LGA1200, LGA1366, LGA1700, LGA1851, LGA2011, LGA2011-3, LGA2066",No,No
Noctua NH-D15S chromax.black         (69),Noctua,,"NH-D15S chromax.black, NH-D15S CH.BK",300 - 1500 RPM,19.2 - 24.6 dB,Black,160 mm,"AM2, AM2+, AM3, AM3+, AM4, AM5, FM1, FM2, FM2+, LGA1150, LGA1151, LGA1155, LGA1156, LGA1200, LGA1700, LGA1851, LGA2011, LGA2011-3, LGA2066",No,No
Iceberg Thermal IceFLOE T95         (0),Iceberg Thermal,IceFLOE T95,ICEFLOE95-00A,1000 - 2200 RPM,32.3 dB,Teal / Silver,78 mm,"AM2, AM2+, AM3, AM3+, AM4, AM5, FM1, FM2, FM2+, LGA775, LGA1150, LGA1151, LGA1155, LGA1156, LGA1200, LGA1366",No,No
Thermalright Peerless Assassin 120 White         (12),Thermalright,Peerless Assassin 120 White,"PA120 White, PA120 WHITE D6-CAD",1550 RPM,25.6 dB,White,157 mm,"AM4, AM5, LGA1150, LGA1151, LGA1155, LGA1156, LGA1200, LGA1700, LGA1851, LGA2011, LGA2011-3, LGA2066",No,No
Corsair iCUE H170i ELITE LCD XT         (6),Corsair,iCUE H170i ELITE LCD XT,CW-9060076-WW,500 - 1700 RPM,5 - 33.8 dB,Black,,"AM2, AM2+, AM3, AM3+, AM4, AM5, sTR4, sTRX4, FM1, FM2, FM2+, LGA1150, LGA1151, LGA1155, LGA1156, LGA1200, LGA1366, LGA1700, LGA1851, LGA2011, LGA2011-3, LGA2066",Yes - 420 mm,No
ID-COOLING FX360 PRO         (2),ID-COOLING,,FX360 PRO,500 - 1800 RPM,35.2 dB,Black,,"AM4, AM5, LGA1150, LGA1151, LGA1155, LGA1156, LGA1200, LGA1700, LGA1851, LGA2011, LGA2011-3, LGA2066",Yes - 360 mm,No
ARCTIC Alpine 23         (1),ARCTIC,Alpine 23,ACALP00035A,100 - 2000 RPM,,White / Black,65 mm,"AM4, AM5",No,No
NZXT Kraken 240 RGB         (5),NZXT,Kraken 240 RGB,RL-KR240-B1,500 - 1800 RPM,17.9 - 30.6 dB,Black,56 mm,"AM4, AM5, sTR4, sTRX4, LGA1150, LGA1151, LGA1155, LGA1156, LGA1200, LGA1700, LGA1851",Yes - 240 mm,No
Cooler Master MASTERLIQUID ML240L RGB V2         (120),Cooler Master,MASTERLIQUID ML240L RGB V2,MLW-D24M-A18PC-R2,650 - 1800 RPM,6 - 27 dB,Black,,"AM2, AM2+, AM3, AM3+, AM4, AM5, FM1, FM2, FM2+, LGA1150, LGA1151, LGA1155, LGA1156, LGA1200, LGA1366, LGA1700, LGA1851, LGA2011, LGA2011-3, LGA2066",Yes - 240 mm,No
ARCTIC Liquid Freezer III 420 A-RGB         (9),ARCTIC,Liquid Freezer III 420 A-RGB,ACFRE00145A,200 - 1900 RPM,,Black,,"AM4, AM5, LGA1700, LGA1851",Yes - 420 mm,No
Lian Li Hydroshift LCD 360S         (3),Lian Li,Hydroshift LCD 360S,"HSLCD36SW, GHSLCD36SW",200 - 2500 RPM,29.8 dB,White,59 mm,"AM4, AM5, LGA1700, LGA1851",Yes - 360 mm,No
Lian Li Hydroshift LCD 360S         (3),Lian Li,Hydroshift LCD 360S,"HSLCD36SB, GHSLCD36SB",200 - 2500 RPM,29.8 dB,Black,59 mm,"AM4, AM5, LGA1700, LGA1851",Yes - 360 mm,No
Thermalright Peerless Assassin 120 SE V3         (1),Thermalright,Peerless Assassin 120 SE V3,"PA120SE V3, Peerless Assassin 120 SE V3",2000 RPM,29.8 dB,Black / Silver,155 mm,"AM4, AM5, LGA1150, LGA1151, LGA1155, LGA1156, LGA1200, LGA1700, LGA1851",No,No
Lian Li HydroShift LCD 360TL RGB         (2),Lian Li,HydroShift LCD 360TL RGB,HSLCD36TB,200 - 2600 RPM,33 dB,Black,59 mm,"AM4, AM5, LGA1700, LGA1851",Yes - 360 mm,No
be quiet! Dark Rock Pro 4         (180),be quiet!,Dark Rock Pro 4,BK022,1500 RPM,12.8 - 24.3 dB,Black,163 mm,"AM2, AM2+, AM3, AM3+, AM4, AM5, FM1, FM2, FM2+, LGA1150, LGA1151, LGA1155, LGA1156, LGA1200, LGA1366, LGA1700, LGA1851, LGA2011, LGA2011-3, LGA2066",No,No
Montech HyperFlow ARGB 360         (6),Montech,HyperFlow ARGB 360,HyperFlow ARGB 360 Black,2200 RPM,29.1 dB,Black,,"AM2, AM2+, AM3, AM3+, AM4, AM5, FM1, FM2, FM2+, LGA1150, LGA1151, LGA1155, LGA1156, LGA1200, LGA1700, LGA1851, LGA2011, LGA2011-3, LGA2066",Yes - 360 mm,No
Thermalright Frozen Notte ARGB         (8),Thermalright,,Frozen Notte 240 WHITE ARGB,2000 RPM,27.7 dB,White,,"AM4, AM5, LGA1150, LGA1151, LGA1155, LGA1156, LGA1200, LGA1700, LGA1851, LGA2011, LGA2011-3, LGA2066",Yes - 240 mm,No
Thermalright Frozen Infinity 360 ARGB         (3),Thermalright,Frozen Infinity 360 ARGB,Frozen Infinity 360 BLACK,2000 RPM,28.2 dB,Black,60 mm,"AM4, AM5, LGA1150, LGA1151, LGA1155, LGA1156, LGA1200, LGA1700, LGA1851, LGA2011, LGA2011-3, LGA2066",Yes - 360 mm,No
Corsair iCUE H150i ELITE CAPELLIX XT         (20),Corsair,iCUE H150i ELITE CAPELLIX XT,CW-9060073-WW,550 - 2100 RPM,,White,,"AM4, AM5, sTR4, sTRX4, LGA1150, LGA1151, LGA1155, LGA1156, LGA1200, LGA1700, LGA1851, LGA2011, LGA2011-3, LGA2066",Yes - 360 mm,No
be quiet! Dark Rock 5         (4),be quiet!,,BK035,2100 RPM,11.9 - 29.8 dB,Black,161 mm,"AM4, AM5, LGA1150, LGA1151, LGA1155, LGA1156, LGA1200, LGA1700, LGA1851",No,No
